congress,chamber,icpsr,state_icpsr,district_code,state_abbrev,party_code,occupancy,last_means,bioname,bioguide_id,born,died,nominate_dim1,nominate_dim2,nominate_log_likelihood,nominate_geo_mean_probability,nominate_number_of_votes,nominate_number_of_errors,conditional,nokken_poole_dim1,nokken_poole_dim2
119,House,20301,41,3,AL,200,,,"ROGERS, Mike Dennis",R000575,1958.0,,0.378,0.379,-2.45585,0.98914,225,0,,0.376,0.695
119,House,21102,41,7,AL,100,,,"SEWELL, Terri",S001185,1965.0,,-0.401,0.394,-16.48305,0.92906,224,9,,-0.317,0.23
119,House,21500,41,6,AL,200,,,"PALMER, Gary James",P000609,1954.0,,0.674,0.113,-20.45405,0.9142,228,13,,0.506,-0.128
119,House,22140,41,1,AL,200,,,"MOORE, Barry",M001212,1966.0,,0.645,-0.247,-23.60597,0.89913,222,9,,0.745,-0.157
119,House,22366,41,5,AL,200,,,"STRONG, Dale",S001220,1970.0,,0.606,0.369,-11.60477,0.95038,228,8,,0.376,0.695
119,House,22515,41,2,AL,100,,,"FIGURES, Shomari",F000481,1985.0,,-0.432,0.651,-15.2409,0.93451,225,7,,-0.398,0.563
119,House,29701,41,4,AL,200,,,"ADERHOLT, Robert",A000055,1965.0,,0.405,0.469,-2.36004,0.98957,225,0,,0.377,0.696
119,House,22503,81,1,AK,200,,,"BEGICH, Nicholas J., III",B001323,1977.0,,0.634,-0.022,-22.21829,0.90715,228,11,,0.634,-0.022
119,House,21995,93,0,AS,200,,,"RADEWAGEN, Aumua Amata Coleman",R000600,1947.0,,0.326,0.191,-0.44846,0.95615,10,0,,0.0,0.0
119,House,20305,61,7,AZ,100,,,"GRIJALVA, Raúl M.",G000551,1948.0,,-0.598,-0.264,-0.0,1.0,1,0,,-0.895,0.129
119,House,21103,61,9,AZ,200,,,"GOSAR, Paul",G000565,1958.0,,0.704,-0.517,-15.37173,0.93281,221,8,,0.758,-0.521
119,House,21105,61,1,AZ,200,,,"SCHWEIKERT, David",S001183,1962.0,,0.553,-0.22,-19.2251,0.9181,225,10,,0.508,-0.136
119,House,21705,61,5,AZ,200,,,"BIGGS, Andrew S.",B001302,1958.0,,0.818,-0.575,-22.78786,0.90409,226,10,,0.879,-0.477
119,House,21968,61,4,AZ,100,,,"STANTON, Greg",S001211,1970.0,,-0.276,0.256,-12.62104,0.94425,220,5,,-0.235,0.145
119,House,22309,61,6,AZ,200,,,"CISCOMANI, Juan",C001133,1982.0,,0.292,0.712,-2.69453,0.98777,219,0,,0.376,0.695
119,House,22311,61,2,AZ,200,,,"CRANE, Eli",C001132,1980.0,,0.748,-0.664,-15.84807,0.93285,228,9,,0.79,-0.613
119,House,22500,61,3,AZ,100,,,"ANSARI, Yassamin",A000381,1992.0,,-0.506,0.187,-8.67086,0.9622,225,5,,-0.628,0.406
119,House,22522,61,8,AZ,200,,,"HAMADEH, Abraham J.",H001098,1991.0,,0.643,-0.171,-24.82801,0.89639,227,13,,0.643,-0.171
119,House,21106,42,1,AR,200,,,"CRAWFORD, Rick",C001087,1966.0,,0.461,0.305,-9.89132,0.9568,224,7,,0.52,0.282
119,House,21108,42,3,AR,200,,,"WOMACK, Steve",W000809,1957.0,,0.348,0.636,-1.86279,0.99197,231,0,,0.376,0.695
119,House,21503,42,2,AR,200,,,"HILL, French",H001072,1956.0,,0.436,0.277,-4.2071,0.98172,228,0,,0.375,0.682
119,House,21563,42,4,AR,200,,,"WESTERMAN, Bruce Eugene",W000821,1967.0,,0.544,0.257,-12.07753,0.94906,231,8,,0.377,0.156
119,House,15448,71,11,CA,100,,,"PELOSI, Nancy",P000197,1940.0,,-0.489,-0.179,-10.2008,0.95075,202,5,,-0.424,-0.004
119,House,20107,71,48,CA,200,,,"ISSA, Darrell",I000056,1953.0,,0.476,0.03,-10.9455,0.95333,229,7,,0.376,0.695
119,House,20310,71,38,CA,100,,,"SÁNCHEZ, Linda T.",S001156,1969.0,,-0.508,-0.131,-3.43832,0.9851,229,1,,-0.568,-0.016
119,House,20501,71,21,CA,100,,,"COSTA, Jim",C001059,1952.0,,-0.198,0.446,-39.12925,0.83638,219,21,,-0.348,0.686
119,House,20538,71,7,CA,100,,,"MATSUI, Doris",M001163,1944.0,,-0.434,-0.142,-7.52715,0.9678,230,3,,-0.554,0.056
119,House,20903,71,5,CA,200,,,"McCLINTOCK, Tom",M001177,1956.0,,0.67,-0.367,-43.57881,0.82671,229,22,,0.549,-0.404
119,House,20955,71,28,CA,100,,,"CHU, Judy",C001080,1953.0,,-0.481,-0.37,-6.17297,0.97352,230,2,,-0.565,0.027
119,House,20958,71,8,CA,100,,,"GARAMENDI, John",G000559,1945.0,,-0.314,-0.098,-8.93387,0.95695,203,4,,-0.407,-0.389
119,House,21302,71,1,CA,200,,,"LaMALFA, Doug",L000578,1960.0,,0.542,0.008,-11.00699,0.95141,221,3,,0.576,0.073
119,House,21303,71,2,CA,100,,,"HUFFMAN, Jared",H001068,1964.0,,-0.43,-0.51,-6.37426,0.97182,223,3,,-0.569,-0.302
119,House,21304,71,6,CA,100,,,"BERA, Ami",B001287,1965.0,,-0.246,0.009,-20.18744,0.91345,223,11,,-0.281,-0.209
119,House,21306,71,14,CA,100,,,"SWALWELL, Eric",S001193,1980.0,,-0.355,-0.049,-10.61664,0.94753,197,6,,-0.285,-0.208
119,House,21307,71,22,CA,200,,,"VALADAO, David G.",V000129,1977.0,,0.257,0.439,-9.5402,0.95884,227,5,,0.235,0.458
119,House,21308,71,26,CA,100,,,"BROWNLEY, Julia",B001285,1952.0,,-0.303,0.049,-12.48379,0.94579,224,5,,-0.356,-0.344
119,House,21311,71,25,CA,100,,,"RUIZ, Raul",R000599,1972.0,,-0.26,0.046,-16.63691,0.92903,226,6,,-0.464,0.343
119,House,21312,71,39,CA,100,,,"TAKANO, Mark",T000472,1960.0,,-0.457,-0.329,-4.70418,0.97967,229,2,,-0.412,-0.36
119,House,21314,71,52,CA,100,,,"VARGAS, Juan",V000130,1961.0,,-0.397,0.022,-6.92293,0.9693,222,1,,-0.584,0.286
119,House,21315,71,50,CA,100,,,"PETERS, Scott",P000608,1958.0,,-0.193,-0.037,-22.90425,0.90482,229,10,,-0.223,-0.279
119,House,21504,71,10,CA,100,,,"DESAULNIER, Mark James",D000623,1952.0,,-0.513,-0.36,-2.62333,0.98825,222,1,,-0.659,-0.036
119,House,21506,71,33,CA,100,,,"AGUILAR, Peter Rey",A000371,1979.0,,-0.324,0.14,-13.32683,0.94347,229,6,,-0.511,0.322
119,House,21507,71,36,CA,100,,,"LIEU, Ted",L000582,1969.0,,-0.373,-0.205,-9.48565,0.9596,230,4,,-0.511,0.322
119,House,21508,71,35,CA,100,,,"TORRES, Norma Judith",T000474,1965.0,,-0.367,0.068,-13.83029,0.94114,228,7,,-0.326,-0.039
119,House,21703,71,44,CA,100,,,"BARRAGÁN, Nanette Diaz",B001300,1976.0,,-0.502,-0.123,-1.98559,0.9911,222,0,,-0.535,-0.213
119,House,21709,71,24,CA,100,,,"CARBAJAL, Salud",C001112,1964.0,,-0.326,0.102,-10.15187,0.95682,230,5,,-0.371,0.023
119,House,21711,71,46,CA,100,,,"CORREA, Jose Luis",C001110,1958.0,,-0.285,0.163,-25.71267,0.88476,210,11,,-0.467,0.718
119,House,21728,71,17,CA,100,,,"KHANNA, Rohit",K000389,1976.0,,-0.456,-0.292,-15.34701,0.9349,228,6,,-0.425,0.137
119,House,21740,71,19,CA,100,,,"PANETTA, James Varni",P000613,1969.0,,-0.288,0.188,-20.40665,0.91545,231,9,,-0.324,0.415
119,House,21754,71,34,CA,100,,,"GOMEZ, Jimmy",G000585,1974.0,,-0.527,-0.255,-12.42557,0.94359,214,4,,-0.518,0.269
119,House,21907,71,31,CA,100,,,"CISNEROS, Gil",C001123,1971.0,,-0.466,0.669,-17.87659,0.92522,230,10,,-0.593,0.742
119,House,21930,71,9,CA,100,,,"HARDER, Josh",H001090,1986.0,,-0.293,0.455,-22.09923,0.90839,230,10,,-0.185,0.133
119,House,21939,71,49,CA,100,,,"LEVIN, Mike",L000593,1978.0,,-0.318,0.162,-14.12561,0.94068,231,9,,-0.286,0.158
119,House,22126,71,51,CA,100,,,"JACOBS, Sara",J000305,1989.0,,-0.405,-0.424,-4.63402,0.98005,230,1,,-0.572,-0.011
119,House,22129,71,40,CA,200,,,"KIM, Young",K000397,1962.0,,0.256,0.375,-3.69937,0.98398,229,1,,0.304,0.467
119,House,22145,71,23,CA,200,,,"OBERNOLTE, Jay",O000019,1970.0,,0.313,0.287,-14.32351,0.93911,228,5,,0.242,0.386
119,House,22323,71,42,CA,100,,,"GARCIA, Robert",G000598,1977.0,,-0.376,-0.598,-6.7738,0.96981,221,2,,-0.468,-0.066
119,House,22333,71,37,CA,100,,,"KAMLAGER-DOVE, Sydney",K000400,1972.0,,-0.527,-0.457,-8.86361,0.96033,219,4,,-0.58,0.156
119,House,22336,71,3,CA,200,,,"KILEY, Kevin",K000401,1985.0,,0.251,0.412,-13.10991,0.94436,229,4,,0.251,0.224
119,House,22354,71,15,CA,100,,,"MULLIN, Kevin",M001225,1970.0,,-0.5,0.012,-8.39063,0.96009,206,4,,-0.75,0.518
119,House,22378,71,20,CA,200,,,"FONG, Vince",F000480,1979.0,,0.451,0.873,-5.82815,0.97386,220,1,,0.363,0.882
119,House,22516,71,30,CA,100,,,"FRIEDMAN, Laura",F000483,1966.0,,-0.387,-0.114,-7.69205,0.96668,227,5,,-0.387,-0.114
119,House,22521,71,13,CA,100,,,"GRAY, Adam",G000605,1977.0,,-0.245,0.844,-25.52311,0.88855,216,9,,-0.245,0.847
119,House,22532,71,16,CA,100,,,"LICCARDO, Sam T.",L000607,1970.0,,-0.36,-0.154,-8.67468,0.96314,231,5,,-0.383,-0.095
119,House,22541,71,47,CA,100,,,"MIN, Dave",M001241,1976.0,,-0.224,0.09,-26.29561,0.89196,230,13,,-0.225,0.092
119,House,22550,71,29,CA,100,,,"RIVAS, Luz M.",R000620,1974.0,,-0.49,-0.323,-4.07995,0.98226,228,2,,-0.668,-0.009
119,House,22553,71,12,CA,100,,,"SIMON, Lateefah",S001231,1977.0,,-0.937,0.161,-7.77985,0.96586,224,3,,-0.937,0.161
119,House,22556,71,45,CA,100,,,"TRAN, Derek",T000491,1980.0,,-0.238,0.153,-15.11847,0.93665,231,8,,-0.239,0.156
119,House,22559,71,27,CA,100,,,"WHITESIDES, George",W000830,1974.0,,-0.189,0.203,-13.71193,0.9401,222,2,,-0.188,0.203
119,House,29106,71,43,CA,100,,,"WATERS, Maxine",W000187,1938.0,,-0.656,-0.094,-7.45307,0.96727,224,2,,-0.78,0.305
119,House,29323,71,41,CA,200,,,"CALVERT, Ken",C000059,1953.0,,0.339,0.277,-3.88439,0.98325,230,1,,0.309,0.492
119,House,29504,71,18,CA,100,,,"LOFGREN, Zoe",L000397,1947.0,,-0.397,-0.402,-11.64685,0.94911,223,5,,-0.427,0.127
119,House,29707,71,32,CA,100,,,"SHERMAN, Brad",S000344,1954.0,,-0.344,-0.137,-16.7029,0.92815,224,8,,-0.55,0.366
119,House,29901,71,4,CA,100,,,"THOMPSON, Michael",T000460,1951.0,,-0.392,0.072,-20.76039,0.91297,228,7,,-0.396,0.285
119,House,21912,62,6,CO,100,,,"CROW, Jason",C001121,1979.0,,-0.356,0.196,-12.8569,0.94563,230,5,,-0.408,-0.166
119,House,21948,62,2,CO,100,,,"NEGUSE, Joseph",N000191,1984.0,,-0.426,-0.101,-6.29346,0.97301,230,2,,-0.521,0.188
119,House,22103,62,4,CO,200,,,"BOEBERT, Lauren",B000825,1986.0,,0.738,-0.492,-14.14048,0.93775,220,6,,0.76,-0.387
119,House,22359,62,7,CO,100,,,"PETTERSEN, Brittany",P000620,1981.0,,-0.367,0.342,-10.95105,0.939,174,6,,-0.448,0.476
119,House,22509,62,5,CO,200,,,"CRANK, Jeff",C001137,1967.0,,0.628,-0.331,-23.45866,0.90343,231,9,,0.628,-0.332
119,House,22513,62,8,CO,200,,,"EVANS, Gabe",E000300,1986.0,,0.394,0.113,-12.48693,0.94738,231,6,,0.394,0.112
119,House,22526,62,3,CO,200,,,"HURD, Jeff",H001100,1979.0,,0.332,0.142,-11.33753,0.95149,228,4,,0.332,0.141
119,House,29710,62,1,CO,100,,,"DeGETTE, Diana",D000197,1957.0,,-0.431,-0.307,-5.63828,0.97557,228,2,,-0.707,0.169
119,House,20706,1,2,CT,100,,,"COURTNEY, Joe",C001069,1953.0,,-0.337,0.041,-14.9705,0.93698,230,7,,-0.274,-0.017
119,House,20907,1,4,CT,100,,,"HIMES, James A.",H001047,1966.0,,-0.241,-0.21,-14.29412,0.93974,230,6,,-0.206,-0.382
119,House,21931,1,5,CT,100,,,"HAYES, Jahana",H001081,1973.0,,-0.332,-0.042,-16.782,0.92934,229,10,,-0.36,-0.019
119,House,29109,1,3,CT,100,,,"DeLAURO, Rosa L.",D000216,1943.0,,-0.414,-0.108,-14.71851,0.93775,229,4,,-0.269,-0.462
119,House,29908,1,1,CT,100,,,"LARSON, John B.",L000557,1948.0,,-0.396,-0.039,-7.29317,0.96739,220,3,,-0.356,-0.222
119,House,22535,11,1,DE,100,,,"MCBRIDE, Sarah",M001238,1990.0,,-0.254,-0.277,-10.79476,0.95396,229,5,,-0.256,-0.275
119,House,21993,55,0,DC,100,,,"NORTON, Eleanor Holmes",N000147,1937.0,,-0.491,-0.114,-0.023,0.99923,30,0,,-0.506,-0.191
119,House,20316,43,26,FL,200,,,"DIAZ-BALART, Mario",D000600,1961.0,,0.281,0.159,-4.49686,0.97949,217,0,,0.376,0.695
119,House,20504,43,25,FL,100,,,"WASSERMAN SCHULTZ, Debbie",W000797,1966.0,,-0.414,0.102,-11.58392,0.94982,225,6,,-0.406,0.207
119,House,20708,43,14,FL,100,,,"CASTOR, Kathy",C001066,1966.0,,-0.438,0.071,-9.37913,0.95987,229,2,,-0.56,0.29
119,House,20709,43,16,FL,200,,,"BUCHANAN, Vernon G.",B001260,1951.0,,0.361,-0.081,-8.34968,0.96138,212,2,,0.442,0.498
119,House,20758,43,12,FL,200,,,"BILIRAKIS, Gus",B001257,1963.0,,0.423,-0.032,-13.78863,0.94004,223,8,,0.519,0.219
119,House,21116,43,11,FL,200,,,"WEBSTER, Daniel A.",W000806,1949.0,,0.524,-0.078,-14.29476,0.93897,227,5,,0.682,0.236
119,House,21118,43,24,FL,100,,,"WILSON, Frederica",W000808,1942.0,,-0.477,-0.005,-6.98838,0.96462,194,3,,-0.414,-0.122
119,House,21321,43,22,FL,100,,,"FRANKEL, Lois",F000462,1948.0,,-0.396,-0.024,-10.18829,0.95514,222,6,,-0.458,0.331
119,House,21714,43,2,FL,200,,,"DUNN, Neal Patrick",D000628,1953.0,,0.509,0.332,-7.95652,0.96299,211,7,,0.598,0.48
119,House,21735,43,21,FL,200,,,"MAST, Brian Jeffery",M001199,1980.0,,0.461,-0.34,-22.64125,0.90386,224,14,,0.519,-0.014
119,House,21744,43,5,FL,200,,,"RUTHERFORD, John Henry",R000609,1952.0,,0.433,0.065,-10.50477,0.95121,210,6,,0.549,0.222
119,House,21746,43,9,FL,100,,,"SOTO, Darren Michael",S001200,1978.0,,-0.347,0.196,-19.06624,0.92078,231,8,,-0.359,0.297
119,House,21971,43,17,FL,200,,,"STEUBE, William",S001214,1978.0,,0.693,-0.341,-19.80237,0.91611,226,9,,0.741,-0.46
119,House,21981,43,6,FL,200,,,"WALTZ, Michael",W000823,1974.0,,0.452,-0.113,-0.00399,0.99934,6,0,,0.682,0.732
119,House,22107,43,3,FL,200,,,"CAMMACK, Kat",C001039,1988.0,,0.592,-0.239,-15.38056,0.93531,230,4,,0.595,-0.335
119,House,22111,43,19,FL,200,,,"DONALDS, Byron",D000032,1978.0,,0.646,-0.274,-20.51838,0.90938,216,8,,0.572,-0.458
119,House,22116,43,18,FL,200,,,"FRANKLIN, C. Scott",F000472,1964.0,,0.624,0.192,-12.67433,0.94616,229,5,,0.708,0.448
119,House,22118,43,28,FL,200,,,"GIMENEZ, Carlos A.",G000593,1954.0,,0.332,0.143,-3.67392,0.98344,220,0,,0.38,0.694
119,House,22150,43,27,FL,200,,,"SALAZAR, Maria Elvira",S000168,1961.0,,0.276,0.153,-15.13,0.92952,207,5,,0.492,0.259
119,House,22163,43,20,FL,100,,,"CHERFILUS-MCCORMICK, Sheila",C001127,1979.0,,-0.439,-0.022,-11.43867,0.95148,230,6,,-0.404,0.163
119,House,22302,43,4,FL,200,,,"BEAN, Aaron",B001314,1967.0,,0.679,-0.162,-16.39845,0.93147,231,7,,0.673,-0.31
119,House,22321,43,10,FL,100,,,"FROST, Maxwell",F000476,1997.0,,-0.441,-0.713,-3.82372,0.98351,230,1,,-0.484,-0.756
119,House,22341,43,15,FL,200,,,"LEE, Laurel",L000597,1974.0,,0.41,0.14,-17.95384,0.91615,205,9,,0.441,-0.029
119,House,22343,43,13,FL,200,,,"LUNA, Anna",L000596,1989.0,,0.567,-0.492,-29.75771,0.8724,218,12,,0.546,-0.43
119,House,22350,43,7,FL,200,,,"MILLS, Cory",M001216,1980.0,,0.602,-0.309,-21.15087,0.91066,226,9,,0.596,-0.337
119,House,22353,43,23,FL,100,,,"MOSKOWITZ, Jared",M001217,1980.0,,-0.232,0.324,-25.98165,0.8923,228,9,,-0.235,0.393
119,House,22523,43,8,FL,200,,,"HARIDOPOLOS, Mike",H001099,1970.0,,0.38,-0.048,-15.83723,0.93318,229,7,,0.38,-0.05
119,House,22562,43,6,FL,200,,,"FINE, Randy",F000484,1974.0,,0.834,0.317,-17.78526,0.90011,169,8,,0.834,0.318
119,House,22563,43,1,FL,200,,,"PATRONIS, Jimmy",P000622,1972.0,,0.825,0.565,-21.06277,0.88347,170,12,,0.825,0.566
119,House,20321,44,13,GA,100,,,"SCOTT, David",S001157,1945.0,,-0.304,0.168,-15.41726,0.93489,229,8,,-0.438,0.217
119,House,20712,44,4,GA,100,,,"JOHNSON, Hank",J000288,1954.0,,-0.478,-0.052,-9.9718,0.95646,224,2,,-0.67,0.332
119,House,21123,44,8,GA,200,,,"SCOTT, Austin",S001189,1969.0,,0.539,0.358,-21.95052,0.9086,229,9,,0.743,0.48
119,House,21513,44,1,GA,200,,,"CARTER, Buddy",C001103,1957.0,,0.558,0.344,-8.9512,0.96083,224,2,,0.679,0.601
119,House,21515,44,11,GA,200,,,"LOUDERMILK, Barry D.",L000583,1963.0,,0.679,0.032,-17.06451,0.92601,222,11,,0.638,0.221
119,House,21516,44,12,GA,200,,,"ALLEN, Rick W.",A000372,1951.0,,0.69,0.282,-9.78876,0.95816,229,2,,0.683,0.435
119,House,21944,44,6,GA,100,,,"McBATH, Lucy",M001208,1960.0,,-0.363,0.303,-15.24713,0.93476,226,8,,-0.423,0.506
119,House,22110,44,9,GA,200,,,"CLYDE, Andrew S.",C001116,1963.0,,0.824,-0.141,-21.28616,0.91124,229,9,,0.853,-0.265
119,House,22121,44,14,GA,200,,,"GREENE, Marjorie Taylor",G000596,1974.0,,0.8,-0.6,-31.06452,0.86887,221,15,,0.625,-0.66
119,House,22156,44,5,GA,100,,,"WILLIAMS, Nikema",W000788,1978.0,,-0.445,-0.4,-3.80842,0.98365,231,1,,-0.659,-0.039
119,House,22310,44,10,GA,200,,,"COLLINS, Mike",C001129,1967.0,,0.677,-0.258,-18.50687,0.92171,227,6,,0.711,-0.259
119,House,22346,44,7,GA,200,,,"MCCORMICK, Rich",M001218,1968.0,,0.891,0.454,-22.70542,0.906,230,8,,0.93,0.367
119,House,22527,44,3,GA,200,,,"JACK, Brian",J000311,1988.0,,0.535,-0.047,-16.22721,0.93216,231,8,,0.534,-0.048
119,House,29339,44,2,GA,100,,,"BISHOP, Sanford Dixon, Jr.",B000490,1947.0,,-0.288,0.447,-35.4587,0.85479,226,16,,-0.383,0.638
119,House,22373,94,0,GU,200,,,"MOYLAN, James",M001219,1962.0,,0.39,0.252,-16.75407,0.56117,29,5,,0.109,0.187
119,House,20322,82,1,HI,100,,,"CASE, Ed",C001055,1952.0,,-0.205,-0.086,-32.98737,0.86584,229,15,,-0.187,-0.413
119,House,22369,82,2,HI,100,,,"TOKUDA, Jill",T000487,1976.0,,-0.471,-0.362,-1.85792,0.99195,230,0,,-0.535,-0.213
119,House,21920,63,1,ID,200,,,"FULCHER, Russell",F000469,1962.0,,0.648,-0.096,-22.4189,0.90635,228,10,,0.765,-0.054
119,House,29910,63,2,ID,200,,,"SIMPSON, Michael K.",S001148,1950.0,,0.296,0.313,-3.54927,0.98428,224,1,,0.31,0.496
119,House,20749,21,11,IL,100,,,"FOSTER, Bill",F000454,1955.0,,-0.238,-0.226,-9.9895,0.9575,230,3,,-0.308,-0.403
119,House,20954,21,5,IL,100,,,"QUIGLEY, Mike",Q000023,1958.0,,-0.326,-0.231,-7.0975,0.96797,218,3,,-0.293,-0.384
119,House,21326,21,10,IL,100,,,"SCHNEIDER, Brad",S001190,1961.0,,-0.195,-0.121,-18.47504,0.92049,223,8,,-0.261,-0.048
119,House,21371,21,2,IL,100,,,"KELLY, Robin L.",K000385,1956.0,,-0.473,-0.021,-4.51196,0.98049,229,1,,-0.453,-0.287
119,House,21519,21,12,IL,200,,,"BOST, Mike",B001295,1960.0,,0.402,-0.046,-21.02963,0.91298,231,12,,0.55,-0.072
119,House,21562,21,16,IL,200,,,"LaHOOD, Darin",L000585,1968.0,,0.462,0.217,-14.89103,0.92961,204,8,,0.666,0.746
119,House,21730,21,8,IL,100,,,"KRISHNAMOORTHI, S. Raja",K000391,1973.0,,-0.347,-0.005,-11.94606,0.94939,230,7,,-0.502,0.233
119,House,21906,21,6,IL,100,,,"CASTEN, Sean",C001117,1971.0,,-0.637,0.421,-4.72935,0.97947,228,2,,-0.536,0.073
119,House,21921,21,4,IL,100,,,"GARCÍA, Jesús",G000586,1956.0,,-0.434,-0.885,-11.42871,0.95047,225,3,,-0.401,-0.916
119,House,21979,21,14,IL,100,,,"UNDERWOOD, Lauren",U000040,1986.0,,-0.598,0.331,-3.90615,0.98316,230,1,,-0.5,-0.118
119,House,22138,21,15,IL,200,,,"MILLER, Mary E.",M001211,1959.0,,0.786,-0.158,-14.5239,0.93722,224,6,,0.749,-0.235
119,House,22304,21,13,IL,100,,,"BUDZINSKI, Nikki",B001315,1977.0,,-0.332,0.497,-19.45605,0.91922,231,5,,-0.349,0.478
119,House,22330,21,1,IL,100,,,"JACKSON, Jonathan",J000309,1966.0,,-0.335,-0.455,-20.71776,0.90854,216,9,,-0.247,-0.313
119,House,22360,21,3,IL,100,,,"RAMIREZ, Delia",R000617,1983.0,,-0.496,-0.868,-5.34794,0.97598,220,2,,-0.602,-0.773
119,House,22365,21,17,IL,100,,,"SORENSEN, Eric",S001225,1976.0,,-0.246,0.263,-13.06645,0.94501,231,3,,-0.233,0.115
119,House,29717,21,7,IL,100,,,"DAVIS, Danny K.",D000096,1941.0,,-0.487,-0.266,-1.94637,0.99119,220,0,,-0.541,-0.21
119,House,29911,21,9,IL,100,,,"SCHAKOWSKY, Janice D.",S001145,1944.0,,-0.602,-0.29,-2.29211,0.98986,225,1,,-0.664,-0.038
119,House,20757,22,7,IN,100,,,"CARSON, André",C001072,1974.0,,-0.436,0.03,-4.91472,0.97849,226,0,,-0.501,-0.121
119,House,21100,22,3,IN,200,,,"STUTZMAN, Marlin",S001188,1976.0,,0.722,-0.104,-19.85029,0.91662,228,9,,0.605,-0.089
119,House,21903,22,4,IN,200,,,"BAIRD, James",B001307,1945.0,,0.445,0.418,-9.76362,0.95808,228,3,,0.562,0.827
119,House,22142,22,1,IN,100,,,"MRVAN, Frank J.",M001214,1969.0,,-0.308,0.354,-18.78664,0.91815,220,9,,-0.287,0.295
119,House,22151,22,5,IN,200,,,"SPARTZ, Victoria",S000929,1978.0,,0.486,-0.278,-39.47321,0.82864,210,13,,0.483,-0.489
119,House,22171,22,2,IN,200,,,"YAKYM, Rudy, III",Y000067,1984.0,,0.513,0.135,-11.01673,0.95343,231,4,,0.554,0.138
119,House,22326,22,9,IN,200,,,"HOUCHIN, Erin",H001093,1976.0,,0.636,0.222,-13.74218,0.94126,227,7,,0.69,0.303
119,House,22540,22,8,IN,200,,,"MESSMER, Mark B.",M001233,1962.0,,0.537,0.206,-10.46291,0.95436,224,5,,0.537,0.206
119,House,22552,22,6,IN,200,,,"SHREVE, Jefferson",S001229,1965.0,,0.454,-0.109,-12.63873,0.94608,228,3,,0.454,-0.109
119,House,22113,31,4,IA,200,,,"FEENSTRA, Randy",F000446,1969.0,,0.467,0.175,-11.7763,0.9503,231,4,,0.389,0.076
119,House,22124,31,2,IA,200,,,"HINSON, Ashley",H001091,1983.0,,0.352,0.348,-12.88453,0.94552,230,5,,0.564,0.609
119,House,22139,31,1,IA,200,,,"MILLER-MEEKS, Mariannette",M001215,1955.0,,0.336,0.199,-4.03826,0.98148,216,1,,0.305,0.485
119,House,22356,31,3,IA,200,,,"NUNN, Zach",N000193,1979.0,,0.293,0.2,-10.89479,0.95125,218,2,,0.315,0.241
119,House,21750,32,4,KS,200,,,"ESTES, Ron",E000298,1956.0,,0.648,0.118,-24.49976,0.89896,230,10,,0.825,0.565
119,House,21914,32,3,KS,100,,,"DAVIDS, Sharice",D000629,1980.0,,-0.266,0.236,-20.35482,0.91565,231,10,,-0.199,-0.06
119,House,22134,32,1,KS,200,,,"MANN, Tracey",M000871,1976.0,,0.606,0.056,-13.38213,0.94371,231,6,,0.62,-0.03
119,House,22551,32,2,KS,200,,,"SCHMIDT, Derek",S001228,1968.0,,0.822,0.249,-22.8606,0.9042,227,12,,0.822,0.249
119,House,14854,51,5,KY,200,,,"ROGERS, Harold Dallas (Hal)",R000395,1937.0,,0.333,0.153,-3.77806,0.98357,228,0,,0.376,0.695
119,House,20916,51,2,KY,200,,,"GUTHRIE, Brett",G000558,1964.0,,0.427,0.273,-4.09027,0.98222,228,0,,0.377,0.695
119,House,21333,51,6,KY,200,,,"BARR, Garland H. (Andy) IV",B001282,1973.0,,0.488,0.291,-12.60133,0.94433,220,10,,0.603,0.199
119,House,21565,51,1,KY,200,,,"COMER, James",C001108,1972.0,,0.592,-0.072,-16.24965,0.92942,222,7,,0.519,-0.295
119,House,22347,51,3,KY,100,,,"MCGARVEY, Morgan",M001220,1979.0,,-0.5,-0.007,-6.86393,0.97072,231,4,,-0.474,0.024
119,House,31102,51,4,KY,200,,,"MASSIE, Thomas",M001184,1971.0,,0.666,-0.746,-76.57121,0.70153,216,26,,0.524,-0.852
119,House,20759,45,1,LA,200,,,"SCALISE, Steve",S001176,1965.0,,0.559,0.162,-14.23409,0.93896,226,5,,0.535,-0.071
119,House,21724,45,3,LA,200,,,"HIGGINS, Clay",H001077,1961.0,,0.625,-0.316,-16.68363,0.92884,226,8,,0.756,-0.217
119,House,21727,45,4,LA,200,,,"JOHNSON, Mike",J000299,1972.0,,0.565,0.021,-1.32877,0.99188,163,0,,0.466,0.551
119,House,22157,45,5,LA,200,,,"LETLOW, Julia",L000595,1981.0,,0.427,0.335,-16.27285,0.93082,227,8,,0.507,0.09
119,House,22158,45,2,LA,100,,,"CARTER, Troy",C001125,1963.0,,-0.511,0.253,-14.23136,0.93897,226,6,,-0.491,0.426
119,House,29354,45,6,LA,100,,,"FIELDS, Cleo",F000110,1962.0,,-0.456,0.11,-16.83218,0.92913,229,8,,-0.462,0.46
119,House,20920,2,1,ME,100,,,"PINGREE, Chellie",P000597,1955.0,,-0.423,-0.365,-5.69478,0.97398,216,2,,-0.747,0.256
119,House,21923,2,2,ME,100,,,"GOLDEN, Jared",G000592,1982.0,,-0.104,0.374,-37.61464,0.84973,231,16,,-0.14,0.554
119,House,14873,52,5,MD,100,,,"HOYER, Steny Hamilton",H000874,1939.0,,-0.381,0.122,-13.44743,0.94097,221,5,,-0.348,-0.037
119,House,15433,52,7,MD,100,,,"MFUME, Kweisi",M000687,1948.0,,-0.44,-0.327,-9.16232,0.95884,218,4,,-0.31,-0.386
119,House,21139,52,1,MD,200,,,"HARRIS, Andy",H001052,1957.0,,0.674,-0.37,-35.6491,0.85347,225,17,,0.859,-0.056
119,House,21741,52,8,MD,100,,,"RASKIN, Jamie Ben",R000606,1962.0,,-0.506,-0.231,-6.36248,0.97248,228,3,,-0.536,0.07
119,House,22329,52,4,MD,100,,,"IVEY, Glenn",I000058,1961.0,,-0.457,-0.05,-8.40642,0.96364,227,3,,-0.318,-0.472
119,House,22512,52,3,MD,100,,,"ELFRETH, Sarah",E000301,1988.0,,-0.308,-0.162,-10.54509,0.95538,231,4,,-0.316,-0.141
119,House,22536,52,6,MD,100,,,"MCCLAIN DELANEY, April",M001232,1964.0,,-0.29,0.287,-16.14584,0.93075,225,4,,-0.294,0.296
119,House,22545,52,2,MD,100,,,"OLSZEWSKI, Johnny, Jr.",O000176,1982.0,,-0.298,-0.281,-6.57225,0.97183,230,1,,-0.304,-0.269
119,House,15616,3,1,MA,100,,,"NEAL, Richard Edmund",N000015,1949.0,,-0.417,-0.106,-7.49314,0.9659,216,3,,-0.341,-0.236
119,House,20119,3,8,MA,100,,,"LYNCH, Stephen F.",L000562,1955.0,,-0.344,0.048,-21.46463,0.90862,224,9,,-0.195,-0.301
119,House,21140,3,9,MA,100,,,"KEATING, William R.",K000375,1952.0,,-0.329,-0.101,-13.66063,0.94032,222,6,,-0.231,-0.382
119,House,21375,3,5,MA,100,,,"CLARK, Katherine M.",C001101,1963.0,,-0.479,-0.269,-5.93584,0.97463,231,3,,-0.439,-0.175
119,House,21525,3,6,MA,100,,,"MOULTON, Seth",M001196,1978.0,,-0.287,-0.039,-12.19732,0.94583,219,4,,-0.398,0.061
119,House,21955,3,7,MA,100,,,"PRESSLEY, Ayanna",P000617,1974.0,,-0.372,-0.928,-9.73514,0.95802,227,4,,-0.509,-0.827
119,House,21977,3,3,MA,100,,,"TRAHAN, Lori",T000482,1973.0,,-0.417,-0.14,-7.42197,0.96607,215,3,,-0.358,-0.288
119,House,22100,3,4,MA,100,,,"AUCHINCLOSS, Jake",A000148,1988.0,,-0.288,-0.28,-20.20128,0.91376,224,8,,-0.234,-0.328
119,House,29729,3,2,MA,100,,,"McGOVERN, James P.",M000312,1959.0,,-0.538,-0.343,-6.48212,0.97097,220,3,,-0.499,-0.643
119,House,20725,23,5,MI,200,,,"WALBERG, Tim",W000798,1951.0,,0.499,0.163,-8.72562,0.96245,228,4,,0.509,0.567
119,House,21142,23,4,MI,200,,,"HUIZENGA, Bill",H001058,1969.0,,0.531,0.053,-13.09861,0.94345,225,7,,0.424,0.623
119,House,21526,23,2,MI,200,,,"MOOLENAAR, John",M001194,1961.0,,0.447,0.17,-5.98106,0.97444,231,0,,0.424,0.623
119,House,21529,23,6,MI,100,,,"DINGELL, Debbie",D000624,1953.0,,-0.401,-0.19,-4.14911,0.98181,226,1,,-0.508,-0.088
119,House,21704,23,1,MI,200,,,"BERGMAN, John",B001301,1947.0,,0.432,0.086,-7.28046,0.96774,222,5,,0.508,0.612
119,House,21972,23,11,MI,100,,,"STEVENS, Haley",S001215,1983.0,,-0.389,0.267,-11.23832,0.95211,229,6,,-0.463,0.491
119,House,21975,23,12,MI,100,,,"TLAIB, Rashida",T000481,1976.0,,-0.29,-0.957,-13.22473,0.94217,222,5,,-0.988,0.152
119,House,22136,23,9,MI,200,,,"MCCLAIN, Lisa C.",M001136,1966.0,,0.548,0.17,-11.20259,0.95143,225,7,,0.38,0.691
119,House,22332,23,10,MI,200,,,"JAMES, John",J000307,1981.0,,0.311,0.405,-4.65637,0.97828,212,1,,0.325,0.305
119,House,22363,23,3,MI,100,,,"SCHOLTEN, Hillary",S001221,1982.0,,-0.254,0.225,-18.90545,0.91975,226,7,,-0.252,0.286
119,House,22368,23,13,MI,100,,,"THANEDAR, Shri",T000488,1955.0,,-0.354,-0.029,-21.85907,0.90858,228,11,,-0.346,0.019
119,House,22501,23,7,MI,200,,,"BARRETT, Tom",B001321,1981.0,,0.509,-0.134,-22.28519,0.90803,231,8,,0.508,-0.135
119,House,22537,23,8,MI,100,,,"MCDONALD RIVET, Kristen",M001237,1970.0,,-0.247,0.447,-27.23873,0.88877,231,14,,-0.247,0.45
119,House,20122,33,4,MN,100,,,"McCOLLUM, Betty",M001143,1954.0,,-0.419,-0.185,-3.99136,0.98265,228,1,,-0.5,-0.118
119,House,21531,33,6,MN,200,,,"EMMER, Thomas Earl II",E000294,1961.0,,0.467,-0.07,-10.71807,0.95466,231,4,,0.518,0.082
119,House,21910,33,2,MN,100,,,"CRAIG, Angela",C001119,1972.0,,-0.269,0.572,-27.52411,0.88721,230,10,,-0.274,0.222
119,House,21950,33,5,MN,100,,,"OMAR, Ilhan",O000173,1982.0,,-0.296,-0.955,-15.20725,0.93408,223,7,,-0.335,-0.889
119,House,21969,33,8,MN,200,,,"STAUBER, Peter",S001212,1966.0,,0.385,-0.1,-18.59281,0.92169,228,8,,0.471,-0.029
119,House,22114,33,7,MN,200,,,"FISCHBACH, Michelle",F000470,1965.0,,0.538,-0.028,-13.33367,0.94344,229,6,,0.541,-0.02
119,House,22167,33,1,MN,200,,,"FINSTAD, Brad",F000475,1976.0,,0.547,-0.043,-12.6272,0.94542,225,6,,0.545,-0.034
119,House,22544,33,3,MN,100,,,"MORRISON, Kelly",M001234,1969.0,,-0.281,-0.416,-6.82278,0.97077,230,1,,-0.284,-0.411
119,House,21561,46,1,MS,200,,,"KELLY, Trent",K000388,1966.0,,0.637,0.291,-10.46435,0.95571,231,5,,0.575,0.141
119,House,21927,46,3,MS,200,,,"GUEST, Michael",G000591,1970.0,,0.529,0.118,-19.42416,0.91901,230,12,,0.46,-0.098
119,House,22319,46,4,MS,200,,,"EZELL, Mike",E000235,1959.0,,0.541,0.135,-20.55796,0.91414,229,13,,0.425,-0.132
119,House,29368,46,2,MS,100,,,"THOMPSON, Bennie",T000193,1948.0,,-0.519,0.391,-11.18155,0.95194,227,5,,-0.753,0.658
119,House,20124,34,6,MO,200,,,"GRAVES, Samuel",G000546,1963.0,,0.448,0.162,-9.10233,0.95983,222,5,,0.615,0.464
119,House,20517,34,5,MO,100,,,"CLEAVER, Emanuel, II",C001061,1944.0,,-0.453,-0.001,-6.02426,0.97311,221,1,,-0.381,-0.335
119,House,21337,34,2,MO,200,,,"WAGNER, Ann",W000812,1962.0,,0.389,0.301,-3.03925,0.98676,228,0,,0.376,0.695
119,House,21373,34,8,MO,200,,,"SMITH, Jason",S001195,1980.0,,0.577,0.202,-17.3091,0.92658,227,10,,0.477,-0.101
119,House,22300,34,4,MO,200,,,"ALFORD, Mark",A000379,1963.0,,0.569,0.06,-19.50221,0.91697,225,11,,0.401,0.328
119,House,22305,34,7,MO,200,,,"BURLISON, Eric",B001316,1976.0,,0.737,-0.517,-20.29937,0.91262,222,9,,0.93,-0.369
119,House,22504,34,1,MO,100,,,"BELL, Wesley",B001324,1974.0,,-0.567,0.651,-13.81136,0.94196,231,5,,-0.547,0.602
119,House,22546,34,3,MO,200,,,"ONDER, Robert F., Jr.",O000177,1962.0,,0.703,-0.181,-18.47977,0.92013,222,10,,0.703,-0.182
119,House,21532,64,1,MT,200,,,"ZINKE, Ryan",Z000018,1961.0,,0.438,-0.13,-17.01977,0.92746,226,8,,0.414,-0.032
119,House,22511,64,2,MT,200,,,"DOWNING, Troy",D000634,1967.0,,0.849,0.442,-16.71737,0.93019,231,7,,0.849,0.443
119,House,20729,35,3,NE,200,,,"SMITH, Adrian",S001172,1970.0,,0.51,0.254,-9.01764,0.96088,226,4,,0.409,0.201
119,House,21701,35,2,NE,200,,,"BACON, Donald J.",B001298,1963.0,,0.283,0.191,-22.05811,0.90817,229,6,,0.219,0.262
119,House,22166,35,1,NE,200,,,"FLOOD, Mike",F000474,1975.0,,0.451,0.714,-14.48816,0.93843,228,4,,0.333,0.312
119,House,20927,65,1,NV,100,,,"TITUS, Alice (Dina)",T000468,1950.0,,-0.297,-0.164,-15.17685,0.92438,193,8,,-0.272,-0.07
119,House,21196,65,2,NV,200,,,"AMODEI, Mark E.",A000369,1958.0,,0.384,0.213,-7.97873,0.9647,222,1,,0.292,0.41
119,House,21339,65,4,NV,100,,,"HORSFORD, Steven",H001066,1973.0,,-0.319,0.155,-23.90205,0.9013,230,13,,-0.286,0.342
119,House,21938,65,3,NV,100,,,"LEE, Susie",L000590,1966.0,,-0.227,0.311,-19.27829,0.91892,228,6,,-0.197,0.296
119,House,21951,4,1,NH,100,,,"PAPPAS, Chris",P000614,1980.0,,-0.239,0.339,-14.85765,0.93771,231,4,,-0.233,0.233
119,House,22520,4,2,NH,100,,,"GOODLANDER, Maggie",G000604,1986.0,,-0.244,0.185,-13.83339,0.94163,230,6,,-0.244,0.185
119,House,14863,12,4,NJ,200,,,"SMITH, Christopher Henry",S000522,1953.0,,0.182,-0.173,-47.51344,0.81263,229,14,,0.425,-0.039
119,House,15454,12,6,NJ,100,,,"PALLONE, Frank, Jr.",P000034,1951.0,,-0.402,-0.162,-14.37109,0.93968,231,4,,-0.685,0.655
119,House,21536,12,1,NJ,100,,,"NORCROSS, Donald",N000188,1958.0,,-0.419,0.337,-10.85121,0.93482,161,6,,-0.346,-0.148
119,House,21538,12,12,NJ,100,,,"WATSON COLEMAN, Bonnie",W000822,1945.0,,-0.597,-0.219,-2.25681,0.99028,231,1,,-0.659,-0.039
119,House,21723,12,5,NJ,100,,,"GOTTHEIMER, Josh S.",G000583,1975.0,,-0.163,0.21,-19.38381,0.89682,178,7,,-0.261,0.372
119,House,21964,12,11,NJ,100,,,"SHERRILL, Mikie",S001207,1972.0,,-0.234,0.243,-6.44795,0.94454,113,2,,-0.231,0.032
119,House,22334,12,7,NJ,200,,,"KEAN, Thomas",K000398,1968.0,,0.201,0.373,-7.58254,0.96743,229,2,,0.267,0.325
119,House,22348,12,8,NJ,100,,,"MENENDEZ, Robert",M001226,1985.0,,-0.526,0.287,-9.67797,0.95897,231,6,,-0.639,0.497
119,House,22381,12,10,NJ,100,,,"MCIVER, LaMonica",M001229,1986.0,,-0.617,-0.05,-2.15225,0.99069,230,1,,-0.659,-0.039
119,House,22508,12,3,NJ,100,,,"CONAWAY, Herbert C., Jr.",C001136,1963.0,,-0.237,-0.055,-12.87998,0.9446,226,6,,-0.237,-0.056
119,House,22547,12,9,NJ,100,,,"POU, Nellie",P000621,1956.0,,-0.308,0.052,-13.07106,0.94499,231,5,,-0.314,0.069
119,House,91980,12,2,NJ,200,,,"VAN DREW, Jefferson",V000133,1953.0,,0.382,-0.428,-26.25733,0.89077,227,13,,0.378,-0.202
119,House,22131,66,3,NM,100,,,"LEGER FERNANDEZ, Teresa",L000273,1959.0,,-0.363,-0.194,-5.20192,0.97542,209,2,,-0.378,-0.432
119,House,22159,66,1,NM,100,,,"STANSBURY, Melanie Ann",S001218,1979.0,,-0.45,-0.194,-4.57118,0.9798,224,1,,-0.397,-0.409
119,House,22371,66,2,NM,100,,,"VASQUEZ, Gabriel",V000136,1984.0,,-0.329,0.561,-25.71386,0.89246,226,12,,-0.388,0.713
119,House,20733,13,9,NY,100,,,"CLARKE, Yvette Diane",C001067,1964.0,,-0.607,-0.262,-5.00619,0.97809,226,3,,-0.582,-0.528
119,House,20934,13,20,NY,100,,,"TONKO, Paul",T000469,1949.0,,-0.416,-0.262,-4.84205,0.97871,225,2,,-0.639,0.107
119,House,21342,13,6,NY,100,,,"MENG, Grace",M001188,1975.0,,-0.37,-0.206,-9.03996,0.95974,220,4,,-0.409,0.105
119,House,21343,13,8,NY,100,,,"JEFFRIES, Hakeem",J000294,1970.0,,-0.484,-0.068,-5.4627,0.97663,231,3,,-0.439,-0.175
119,House,21541,13,21,NY,200,,,"STEFANIK, Elise M",S001196,1984.0,,0.306,-0.113,-10.33083,0.94866,196,5,,0.455,0.347
119,House,21715,13,13,NY,100,,,"ESPAILLAT, Adriano J.",E000297,1954.0,,-0.531,-0.204,-6.15788,0.97369,231,2,,-0.472,-0.118
119,House,21747,13,3,NY,100,,,"SUOZZI, Thomas",S001201,1962.0,,-0.214,0.15,-39.64331,0.83511,220,19,,-0.156,0.266
119,House,21749,13,24,NY,200,,,"TENNEY, Claudia",T000478,1961.0,,0.464,0.012,-9.03501,0.96131,229,2,,0.548,0.303
119,House,21761,13,25,NY,100,,,"MORELLE, Joseph D.",M001206,1957.0,,-0.325,0.144,-16.26974,0.92994,224,10,,-0.265,-0.026
119,House,21949,13,14,NY,100,,,"OCASIO-CORTEZ, Alexandria",O000172,1989.0,,-0.327,-0.945,-8.18361,0.96474,228,3,,-0.498,-0.772
119,House,22117,13,2,NY,200,,,"GARBARINO, Andrew R.",G000597,1984.0,,0.245,0.241,-6.42249,0.97123,220,4,,0.266,0.368
119,House,22133,13,11,NY,200,,,"MALLIOTAKIS, Nicole",M000317,1980.0,,0.336,-0.084,-26.47314,0.89083,229,8,,0.286,-0.096
119,House,22154,13,15,NY,100,,,"TORRES, Ritchie",T000486,1988.0,,-0.309,-0.095,-16.3254,0.93001,225,9,,-0.341,0.232
119,House,22169,13,18,NY,100,,,"RYAN, Patrick",R000579,1982.0,,-0.235,0.249,-16.98971,0.92879,230,6,,-0.211,0.108
119,House,22324,13,10,NY,100,,,"GOLDMAN, Daniel",G000599,1976.0,,-0.43,0.144,-15.91155,0.92669,209,7,,-0.513,0.52
119,House,22337,13,1,NY,200,,,"LALOTA, Nicholas",L000598,1978.0,,0.253,0.093,-11.15788,0.95183,226,4,,0.241,0.096
119,House,22339,13,23,NY,200,,,"LANGWORTHY, Nick",L000600,1981.0,,0.419,-0.047,-13.15344,0.9437,227,6,,0.437,0.141
119,House,22340,13,17,NY,200,,,"LAWLER, Michael",L000599,1986.0,,0.193,0.248,-13.07308,0.94331,224,3,,0.238,0.137
119,House,22377,13,26,NY,100,,,"KENNEDY, Timothy M.",K000402,1976.0,,-0.362,0.261,-12.73732,0.94613,230,6,,-0.353,0.223
119,House,22518,13,4,NY,100,,,"GILLEN, Laura",G000602,1969.0,,-0.151,0.302,-24.41373,0.89888,229,8,,-0.15,0.302
119,House,22531,13,16,NY,100,,,"LATIMER, George",L000606,1953.0,,-0.419,0.322,-10.36853,0.95554,228,3,,-0.419,0.321
119,House,22534,13,22,NY,100,,,"MANNION, John W.",M001231,1968.0,,-0.188,0.003,-16.45344,0.93096,230,6,,-0.188,0.003
119,House,22549,13,19,NY,100,,,"RILEY, Josh",R000622,1981.0,,-0.2,0.125,-12.09297,0.94722,223,3,,-0.2,0.125
119,House,29377,13,12,NY,100,,,"NADLER, Jerrold Lewis",N000002,1947.0,,-0.507,-0.48,-6.54078,0.9716,227,2,,-0.602,-0.498
119,House,29378,13,7,NY,100,,,"VELÁZQUEZ, Nydia M.",V000081,1953.0,,-0.547,-0.368,-5.37109,0.97672,228,3,,-0.657,-0.33
119,House,29776,13,5,NY,100,,,"MEEKS, Gregory W.",M001137,1953.0,,-0.416,-0.063,-5.96269,0.9735,222,2,,-0.469,0.029
119,House,20521,47,5,NC,200,,,"FOXX, Virginia Ann",F000450,1943.0,,0.624,0.174,-11.62405,0.9503,228,5,,0.754,0.495
119,House,21346,47,9,NC,200,,,"HUDSON, Richard",H001067,1971.0,,0.523,0.205,-15.54212,0.93354,226,8,,0.47,-0.015
119,House,21544,47,7,NC,200,,,"ROUZER, David",R000603,1972.0,,0.566,0.285,-12.37885,0.94738,229,3,,0.576,0.202
119,House,21545,47,12,NC,100,,,"ADAMS, Alma",A000370,1946.0,,-0.462,-0.007,-6.27107,0.9731,230,2,,-0.401,-0.242
119,House,21987,47,3,NC,200,,,"MURPHY, Gregory Francis",M001210,1963.0,,0.488,0.131,-7.63543,0.96649,224,2,,0.592,0.427
119,House,22149,47,2,NC,100,,,"ROSS, Deborah K.",R000305,1963.0,,-0.378,-0.013,-9.98655,0.95769,231,3,,-0.268,-0.449
119,House,22314,47,1,NC,100,,,"DAVIS, Don",D000230,1971.0,,-0.251,0.899,-29.27531,0.88048,230,11,,-0.226,0.94
119,House,22318,47,11,NC,200,,,"EDWARDS, Chuck",E000246,1960.0,,0.379,0.421,-38.07862,0.84619,228,7,,0.418,-0.01
119,House,22320,47,4,NC,100,,,"FOUSHEE, Valerie",F000477,1956.0,,-0.503,-0.268,-4.54357,0.98035,229,1,,-0.411,-0.368
119,House,22524,47,10,NC,200,,,"HARRIGAN, Pat",H001101,1987.0,,0.981,0.196,-22.79918,0.90323,224,8,,0.981,0.193
119,House,22525,47,8,NC,200,,,"HARRIS, Mark",H001102,1966.0,,0.867,0.02,-19.91582,0.9174,231,7,,0.867,0.021
119,House,22530,47,13,NC,200,,,"KNOTT, Brad",K000405,1986.0,,0.867,0.221,-23.22871,0.90314,228,14,,0.867,0.221
119,House,22538,47,6,NC,200,,,"MCDOWELL, Addison P.",M001240,1994.0,,0.475,-0.141,-19.88565,0.91683,229,11,,0.475,-0.142
119,House,22542,47,14,NC,200,,,"MOORE, Tim",M001236,1970.0,,0.572,0.008,-13.87994,0.94144,230,3,,0.571,0.008
119,House,22514,36,1,ND,200,,,"FEDORCHAK, Julie",F000482,1968.0,,0.613,0.14,-13.17431,0.94263,223,7,,0.613,0.14
119,House,22561,95,0,MP,200,,,"KING-HINDS, Kimberlyn",K000404,1975.0,,0.164,-0.247,-9.83352,0.69475,27,6,,0.317,0.949
119,House,15029,24,9,OH,100,,,"KAPTUR, Marcia Carolyn (Marcy)",K000009,1946.0,,-0.343,0.133,-56.35393,0.78016,227,23,,-0.17,0.092
119,House,20342,24,10,OH,200,,,"TURNER, Michael R.",T000463,1960.0,,0.265,0.259,-21.93838,0.90631,223,6,,0.201,0.525
119,House,20738,24,4,OH,200,,,"JORDAN, Jim",J000289,1964.0,,0.712,-0.184,-18.22835,0.92185,224,10,,0.574,-0.286
119,House,20755,24,5,OH,200,,,"LATTA, Robert E.",L000566,1956.0,,0.509,0.286,-7.5332,0.96791,231,2,,0.509,0.412
119,House,21352,24,3,OH,100,,,"BEATTY, Joyce",B001281,1950.0,,-0.437,0.016,-9.31674,0.95471,201,3,,-0.554,0.402
119,House,21353,24,14,OH,200,,,"JOYCE, David",J000295,1957.0,,0.251,0.315,-12.11276,0.94736,224,5,,0.238,0.306
119,House,21564,24,8,OH,200,,,"DAVIDSON, Warren",D000626,1970.0,,0.654,-0.365,-30.45982,0.87233,223,13,,0.565,-0.56
119,House,21759,24,12,OH,200,,,"BALDERSON, Troy",B001306,1962.0,,0.461,0.196,-11.30117,0.95205,230,4,,0.515,0.226
119,House,22161,24,11,OH,100,,,"BROWN, Shontel  M.",B001313,1975.0,,-0.459,-0.106,-5.21592,0.97767,231,1,,-0.51,-0.044
119,House,22162,24,15,OH,200,,,"CAREY, Mike",C001126,1971.0,,0.406,0.017,-7.25168,0.96883,229,2,,0.376,0.695
119,House,22338,24,1,OH,100,,,"LANDSMAN, Greg",L000601,1976.0,,-0.225,0.229,-19.11225,0.92026,230,8,,-0.274,0.388
119,House,22349,24,7,OH,200,,,"MILLER, Max",M001222,1988.0,,0.39,0.037,-15.382,0.93504,229,9,,0.408,-0.076
119,House,22367,24,13,OH,100,,,"SYKES, Emilia",S001223,1986.0,,-0.32,0.154,-18.97635,0.92081,230,9,,-0.269,0.127
119,House,22379,24,6,OH,200,,,"RULLI, Michael A.",R000619,1969.0,,0.406,-0.065,-18.32621,0.92144,224,6,,0.404,-0.033
119,House,22555,24,2,OH,200,,,"TAYLOR, David J.",T000490,1969.0,,0.69,0.694,-14.13414,0.94065,231,8,,0.69,0.694
119,House,20344,53,4,OK,200,,,"COLE, Tom",C001053,1949.0,,0.323,0.411,-4.63331,0.97988,228,1,,0.325,0.307
119,House,21760,53,1,OK,200,,,"HERN, Kevin",H001082,1961.0,,0.68,-0.056,-13.15806,0.94295,224,4,,0.628,-0.087
119,House,22102,53,5,OK,200,,,"BICE, Stephanie I.",B000740,1973.0,,0.412,0.326,-5.49476,0.97629,229,2,,0.426,0.414
119,House,22303,53,2,OK,200,,,"BRECHEEN, Josh",B001317,1979.0,,0.858,-0.473,-9.03991,0.95845,213,5,,0.893,-0.436
119,House,29393,53,3,OK,200,,,"LUCAS, Frank D.",L000491,1960.0,,0.361,0.453,-2.0807,0.99096,229,0,,0.376,0.695
119,House,21198,72,1,OR,100,,,"BONAMICI, Suzanne",B001278,1954.0,,-0.399,-0.416,-2.48802,0.98915,228,0,,-0.537,-0.211
119,House,22101,72,2,OR,200,,,"BENTZ, Cliff",B000668,1952.0,,0.474,0.264,-8.93187,0.96191,230,2,,0.31,0.497
119,House,22327,72,4,OR,100,,,"HOYLE, Val",H001094,1964.0,,-0.228,-0.369,-12.91519,0.94348,222,6,,-0.242,-0.301
119,House,22361,72,6,OR,100,,,"SALINAS, Andrea",S001226,1969.0,,-0.22,-0.202,-13.70455,0.94216,230,5,,-0.278,-0.284
119,House,22507,72,5,OR,100,,,"BYNUM, Janelle S.",B001326,1975.0,,-0.28,0.176,-15.30121,0.93537,229,4,,-0.279,0.176
119,House,22510,72,3,OR,100,,,"DEXTER, Maxine",D000635,1972.0,,-0.495,-0.65,-2.95174,0.98714,228,0,,-0.495,-0.65
119,House,20946,14,15,PA,200,,,"THOMPSON, Glenn",T000467,1959.0,,0.335,0.336,-2.48151,0.98922,229,0,,0.376,0.695
119,House,21167,14,16,PA,200,,,"KELLY, Mike",K000376,1948.0,,0.378,0.393,-10.76153,0.9533,225,5,,0.482,0.482
119,House,21356,14,10,PA,200,,,"PERRY, Scott",P000605,1962.0,,0.684,-0.487,-30.32875,0.87493,227,16,,0.932,-0.363
119,House,21548,14,2,PA,100,,,"BOYLE, Brendan Francis",B001296,1977.0,,-0.381,0.151,-14.69568,0.93538,220,7,,-0.32,0.105
119,House,21566,14,3,PA,100,,,"EVANS, Dwight",E000296,1954.0,,-0.469,-0.154,-3.67354,0.9818,200,1,,-0.586,0.029
119,House,21718,14,1,PA,200,,,"FITZPATRICK, Brian K.",F000466,1973.0,,0.14,-0.104,-44.22104,0.82299,227,18,,0.176,-0.24
119,House,21745,14,11,PA,200,,,"SMUCKER, Lloyd K.",S001199,1964.0,,0.454,0.132,-9.57721,0.95833,225,5,,0.55,0.308
119,House,21762,14,5,PA,100,,,"SCANLON, Mary Gay",S001205,1959.0,,-0.451,-0.21,-4.4242,0.98053,225,2,,-0.632,0.095
119,House,21915,14,4,PA,100,,,"DEAN, Madeleine",D000631,1959.0,,-0.445,-0.077,-4.03167,0.98232,226,2,,-0.499,-0.107
119,House,21934,14,6,PA,100,,,"HOULAHAN, Christina",H001085,1967.0,,-0.261,0.223,-20.7332,0.9116,224,9,,-0.243,-0.116
119,House,21936,14,13,PA,200,,,"JOYCE, John",J000302,1957.0,,0.579,-0.034,-25.93051,0.89382,231,13,,0.683,-0.079
119,House,21945,14,9,PA,200,,,"MEUSER, Dan",M001204,1964.0,,0.492,0.197,-15.96784,0.9281,214,5,,0.61,0.792
119,House,21956,14,14,PA,200,,,"RESCHENTHALER, Guy",R000610,1983.0,,0.446,0.055,-10.02333,0.95736,230,7,,0.584,0.286
119,House,22316,14,17,PA,100,,,"DELUZIO, Chris",D000530,1984.0,,-0.25,-0.148,-17.67828,0.92633,231,9,,-0.28,-0.203
119,House,22342,14,12,PA,100,,,"LEE, Summer",L000602,1987.0,,-0.414,-0.91,-6.8035,0.97098,231,3,,-0.602,-0.765
119,House,22506,14,8,PA,200,,,"BRESNAHAN, Robert P., Jr.",B001327,1990.0,,0.266,0.041,-16.09043,0.93215,229,6,,0.266,0.039
119,House,22533,14,7,PA,200,,,"MACKENZIE, Ryan",M001230,1982.0,,0.289,-0.1,-18.92767,0.92133,231,7,,0.289,-0.102
119,House,22560,92,0,PR,100,,,"HERNÁNDEZ, Pablo José",H001103,1991.0,,-0.463,-0.369,-0.01563,0.99954,34,0,,-0.507,-0.164
119,House,22345,5,2,RI,100,,,"MAGAZINER, Seth",M001223,1983.0,,-0.332,0.182,-11.77299,0.94946,227,7,,-0.285,-0.057
119,House,22375,5,1,RI,100,,,"AMO, Gabe",A000380,1987.0,,-0.456,-0.02,-8.49974,0.96387,231,4,,-0.345,-0.212
119,House,20138,48,2,SC,200,,,"WILSON, Addison Graves (Joe)",W000795,1947.0,,0.53,0.16,-9.56305,0.95821,224,4,,0.607,0.247
119,House,21753,48,5,SC,200,,,"NORMAN, Ralph",N000190,1953.0,,0.85,-0.383,-10.25117,0.95527,224,5,,0.926,-0.378
119,House,21974,48,4,SC,200,,,"TIMMONS, William",T000480,1984.0,,0.599,0.048,-14.19283,0.9399,229,8,,0.578,-0.124
119,House,22132,48,1,SC,200,,,"MACE, Nancy",M000194,1977.0,,0.343,-0.294,-26.18933,0.89149,228,16,,0.424,-0.361
119,House,22322,48,7,SC,200,,,"FRY, Russell",F000478,1985.0,,0.538,-0.276,-25.05274,0.89637,229,13,,0.667,-0.179
119,House,22505,48,3,SC,200,,,"BIGGS, Sheri",B001325,1970.0,,0.788,-0.259,-11.83376,0.95006,231,4,,0.788,-0.259
119,House,39301,48,6,SC,100,,,"CLYBURN, James Enos",C000537,1940.0,,-0.467,0.245,-11.02233,0.95301,229,3,,-0.439,-0.055
119,House,21935,37,1,SD,200,,,"JOHNSON, Dustin",J000301,1976.0,,0.467,0.135,-9.87532,0.95724,226,6,,0.547,0.218
119,House,20748,54,9,TN,100,,,"COHEN, Stephen",C001068,1949.0,,-0.39,-0.294,-10.27088,0.95377,217,5,,-0.315,-0.289
119,House,21178,54,3,TN,200,,,"FLEISCHMANN, Chuck",F000459,1962.0,,0.431,0.396,-3.21065,0.9862,231,0,,0.376,0.695
119,House,21179,54,4,TN,200,,,"DESJARLAIS, Scott",D000616,1964.0,,0.578,-0.046,-14.46048,0.9361,219,5,,0.57,0.092
119,House,21731,54,8,TN,200,,,"KUSTOFF, David",K000392,1966.0,,0.541,0.341,-14.22118,0.93953,228,6,,0.45,0.094
119,House,21905,54,2,TN,200,,,"BURCHETT, Timothy",B001309,1964.0,,0.665,-0.435,-23.72557,0.89643,217,9,,0.644,-0.654
119,House,21926,54,7,TN,200,,,"GREEN, Mark",G000590,1964.0,,0.671,0.018,-7.42224,0.9465,135,4,,0.846,0.355
119,House,21959,54,6,TN,200,,,"ROSE, John",R000612,1965.0,,0.665,0.125,-14.79715,0.93635,225,6,,0.64,0.319
119,House,22122,54,1,TN,200,,,"HARSHBARGER, Diana",H001086,1960.0,,0.675,-0.096,-15.34631,0.93463,227,4,,0.641,-0.264
119,House,22357,54,5,TN,200,,,"OGLES, Andy",O000175,1971.0,,0.787,-0.358,-12.45367,0.94472,219,6,,0.761,-0.312
119,House,20356,49,31,TX,200,,,"CARTER, John R.",C001051,1941.0,,0.487,0.547,-11.61211,0.94992,226,8,,0.582,0.334
119,House,20529,49,9,TX,100,,,"GREEN, Al",G000553,1947.0,,-0.447,0.263,-15.71513,0.93225,224,2,,-0.486,-0.473
119,House,20530,49,10,TX,200,,,"McCAUL, Michael T.",M001157,1962.0,,0.41,0.175,-6.43219,0.96969,209,1,,0.31,0.49
119,House,20533,49,28,TX,100,,,"CUELLAR, Henry",C001063,1955.0,,-0.225,0.638,-46.88258,0.81632,231,25,,-0.174,0.844
119,House,21360,49,14,TX,200,,,"WEBER, Randy",W000814,1953.0,,0.72,0.024,-16.55978,0.93024,229,9,,0.554,-0.098
119,House,21362,49,20,TX,100,,,"CASTRO, Joaquin",C001091,1974.0,,-0.4,-0.131,-9.58207,0.95794,223,3,,-0.385,-0.601
119,House,21364,49,25,TX,200,,,"WILLIAMS, Roger",W000816,1949.0,,0.593,0.061,-14.70263,0.93535,220,7,,0.486,0.08
119,House,21365,49,33,TX,100,,,"VEASEY, Marc",V000131,1971.0,,-0.407,0.355,-25.10795,0.89658,230,10,,-0.505,0.835
119,House,21551,49,36,TX,200,,,"BABIN, Brian",B001291,1948.0,,0.708,0.117,-17.22255,0.92816,231,9,,0.614,0.152
119,House,21700,49,19,TX,200,,,"ARRINGTON, Jodey Cook",A000375,1972.0,,0.642,-0.001,-13.35392,0.94162,222,7,,0.633,0.017
119,House,21722,49,34,TX,100,,,"GONZALEZ, Vicente Jr.",G000581,1967.0,,-0.385,0.857,-47.48364,0.80587,220,27,,-0.316,0.949
119,House,21758,49,27,TX,200,,,"CLOUD, Michael",C001115,1975.0,,0.69,-0.362,-23.90594,0.90128,230,10,,0.834,-0.268
119,House,21911,49,2,TX,200,,,"CRENSHAW, Daniel",C001120,1984.0,,0.434,0.268,-8.99911,0.95844,212,5,,0.457,0.124
119,House,21917,49,16,TX,100,,,"ESCOBAR, Veronica",E000299,1969.0,,-0.477,-0.267,-4.99076,0.97844,229,1,,-0.396,-0.405
119,House,21919,49,7,TX,100,,,"FLETCHER, Elizabeth",F000468,1975.0,,-0.515,0.857,-22.55178,0.90621,229,14,,-0.762,0.494
119,House,21922,49,29,TX,100,,,"GARCIA, Sylvia",G000587,1950.0,,-0.781,0.317,-4.4361,0.98081,229,1,,-0.745,0.113
119,House,21925,49,5,TX,200,,,"GOODEN, Lance",G000589,1982.0,,0.721,-0.043,-23.54471,0.90189,228,15,,0.739,0.268
119,House,21961,49,21,TX,200,,,"ROY, Charles",R000614,1972.0,,0.8,-0.6,-15.16622,0.93396,222,8,,0.879,-0.477
119,House,22112,49,4,TX,200,,,"FALLON, Pat",F000246,1967.0,,0.714,0.124,-18.63679,0.92151,228,7,,0.717,0.19
119,House,22119,49,23,TX,200,,,"GONZALES, Tony",G000594,1980.0,,0.346,0.225,-13.7769,0.93983,222,6,,0.558,0.411
119,House,22125,49,13,TX,200,,,"JACKSON, Ronny",J000304,1967.0,,0.785,0.16,-21.86503,0.9058,221,8,,0.92,0.393
119,House,22143,49,22,TX,200,,,"NEHLS, Troy E.",N000026,1968.0,,0.61,-0.246,-12.4941,0.94527,222,3,,0.589,-0.281
119,House,22147,49,11,TX,200,,,"PFLUGER, August",P000048,1977.0,,0.633,0.37,-9.90726,0.95784,230,3,,0.541,0.255
119,House,22155,49,24,TX,200,,,"VAN DUYNE, Beth",V000134,1970.0,,0.604,-0.001,-15.15104,0.93625,230,7,,0.608,-0.072
119,House,22160,49,6,TX,200,,,"ELLZEY, Jake",E000071,1970.0,,0.512,0.7,-3.47507,0.985,230,0,,0.376,0.695
119,House,22307,49,35,TX,100,,,"CASAR, Greg",C001131,1989.0,,-0.423,-0.87,-4.16637,0.98181,227,1,,-0.585,-0.758
119,House,22312,49,30,TX,100,,,"CROCKETT, Jasmine",C001130,1981.0,,-0.498,-0.207,-3.83373,0.98318,226,1,,-0.452,-0.279
119,House,22315,49,15,TX,200,,,"DE LA CRUZ, Monica",D000594,1974.0,,0.472,0.129,-14.86111,0.93199,211,10,,0.568,0.136
119,House,22328,49,38,TX,200,,,"HUNT, Wesley",H001095,1981.0,,0.591,-0.29,-6.72013,0.96335,180,1,,0.56,-0.375
119,House,22344,49,8,TX,200,,,"LUTTRELL, Morgan",L000603,1975.0,,0.599,-0.039,-19.95875,0.91511,225,8,,0.531,-0.215
119,House,22352,49,1,TX,200,,,"MORAN, Nathaniel",M001224,1974.0,,0.582,0.558,-10.92737,0.9532,228,7,,0.643,0.396
119,House,22364,49,3,TX,200,,,"SELF, Keith",S001224,1953.0,,0.84,-0.215,-25.42714,0.89224,223,13,,0.929,-0.095
119,House,22517,49,26,TX,200,,,"GILL, Brandon",G000603,1994.0,,0.981,0.194,-15.56624,0.93258,223,7,,0.922,0.018
119,House,22519,49,12,TX,200,,,"GOLDMAN, Craig A.",G000601,1968.0,,0.828,0.422,-13.81836,0.94193,231,6,,0.828,0.422
119,House,22528,49,32,TX,100,,,"JOHNSON, Julie",J000310,1966.0,,-0.4,0.448,-17.72041,0.92585,230,9,,-0.4,0.448
119,House,22557,49,18,TX,100,,,"TURNER, Sylvester",T000489,1954.0,2025.0,-0.746,0.666,-2.80447,0.93062,39,1,,-0.937,0.348
119,House,29571,49,37,TX,100,,,"DOGGETT, Lloyd Alton, II",D000399,1946.0,,-0.403,-0.33,-2.58034,0.98865,226,0,,-0.533,-0.238
119,House,29759,49,17,TX,200,,,"SESSIONS, Pete",S000250,1955.0,,0.584,0.17,-18.65235,0.92243,231,6,,0.447,-0.039
119,House,22141,67,1,UT,200,,,"MOORE, Blake D.",M001213,1980.0,,0.37,0.316,-14.00923,0.94091,230,6,,0.553,0.425
119,House,22146,67,4,UT,200,,,"OWENS, Burgess",O000086,1951.0,,0.452,0.17,-10.18645,0.95612,227,5,,0.5,0.483
119,House,22376,67,2,UT,200,,,"MALOY, Celeste",M001228,1981.0,,0.408,0.073,-12.75504,0.94582,229,4,,0.359,0.079
119,House,22529,67,3,UT,200,,,"KENNEDY, Mike",K000403,1969.0,,0.812,0.09,-18.54262,0.92123,226,9,,0.812,0.091
119,House,22301,6,1,VT,100,,,"BALINT, Becca",B001318,1968.0,,-0.453,-0.482,-3.71048,0.98386,228,2,,-0.521,-0.459
119,House,21994,96,0,VI,100,,,"PLASKETT, Stacey E.",P000610,1966.0,,-0.474,0.568,-3.66475,0.88501,30,1,,-0.552,-0.193
119,House,20756,40,1,VA,200,,,"WITTMAN, Robert J.",W000804,1959.0,,0.448,0.021,-15.05979,0.93498,224,6,,0.435,0.025
119,House,20952,40,11,VA,100,,,"CONNOLLY, Gerald E. (Gerry)",C001078,1950.0,2025.0,-0.309,-0.047,-4.55046,0.93875,72,1,,-0.313,-0.72
119,House,21191,40,9,VA,200,,,"GRIFFITH, H. Morgan",G000568,1958.0,,0.51,-0.338,-33.75619,0.86404,231,17,,0.399,-0.197
119,House,21554,40,8,VA,100,,,"BEYER, Donald Sternoff Jr.",B001292,1950.0,,-0.395,-0.102,-4.41879,0.98055,225,0,,-0.5,-0.118
119,House,21908,40,6,VA,200,,,"CLINE, Benjamin",C001118,1972.0,,0.716,-0.209,-12.6081,0.94666,230,4,,0.715,-0.273
119,House,22335,40,2,VA,200,,,"KIGGANS, Jennifer",K000399,1971.0,,0.26,0.436,-5.42772,0.97648,228,3,,0.272,0.422
119,House,22374,40,4,VA,100,,,"MCCLELLAN, Jennifer",M001227,1972.0,,-0.55,0.053,-4.13781,0.98217,230,2,,-0.536,0.073
119,House,22539,40,5,VA,200,,,"MCGUIRE, John J., III",M001239,1968.0,,0.673,-0.362,-20.62597,0.91387,229,7,,0.673,-0.364
119,House,22554,40,10,VA,100,,,"SUBRAMANYAM, Suhas",S001230,1986.0,,-0.301,0.139,-11.92109,0.94927,229,5,,-0.301,0.138
119,House,22558,40,7,VA,100,,,"VINDMAN, Eugene Simon",V000138,1975.0,,-0.168,0.084,-20.50543,0.91363,227,8,,-0.168,0.083
119,House,22564,40,11,VA,100,,,"WALKINSHAW, James R.",W000831,,,-0.503,-0.485,-0.01055,0.99969,34,0,,-0.503,-0.485
119,House,39307,40,3,VA,100,,,"SCOTT, Robert C.",S000185,1947.0,,-0.45,-0.003,-4.21105,0.98186,230,0,,-0.5,-0.118
119,House,20145,73,2,WA,100,,,"LARSEN, Richard Ray (Rick)",L000560,1965.0,,-0.365,0.163,-13.06175,0.94261,221,4,,-0.28,-0.325
119,House,21556,73,4,WA,200,,,"NEWHOUSE, Daniel Milton",N000189,1955.0,,0.317,0.33,-6.01269,0.97363,225,3,,0.27,0.418
119,House,21726,73,7,WA,100,,,"JAYAPAL, Pramila",J000298,1965.0,,-0.621,-0.554,-3.96484,0.98121,209,3,,-0.456,-0.851
119,House,21962,73,8,WA,100,,,"SCHRIER, Kim",S001216,1968.0,,-0.281,0.399,-18.6635,0.92206,230,6,,-0.233,0.113
119,House,22153,73,10,WA,100,,,"STRICKLAND, Marilyn",S001159,1962.0,,-0.453,0.373,-8.89344,0.96141,226,5,,-0.371,-0.013
119,House,22358,73,3,WA,100,,,"PEREZ, Marie Gluesenkamp",G000600,1988.0,,-0.092,0.347,-36.87297,0.84946,226,12,,-0.145,0.628
119,House,22502,73,5,WA,200,,,"BAUMGARTNER, Michael",B001322,1975.0,,0.489,0.13,-9.58037,0.95885,228,5,,0.489,0.13
119,House,22548,73,6,WA,100,,,"RANDALL, Emily",R000621,1985.0,,-0.685,0.045,-1.62445,0.99247,215,0,,-0.68,0.036
119,House,29768,73,9,WA,100,,,"SMITH, Adam",S000510,1965.0,,-0.291,-0.166,-11.83071,0.94855,224,5,,-0.353,-0.283
119,House,31101,73,1,WA,100,,,"DelBENE, Suzan K.",D000617,1962.0,,-0.293,-0.203,-7.75893,0.9664,227,2,,-0.355,-0.141
119,House,21946,56,1,WV,200,,,"MILLER, Carol",M001205,1950.0,,0.528,0.105,-15.77318,0.9323,225,5,,0.681,0.255
119,House,22543,56,2,WV,200,,,"MOORE, Riley M.",M001235,1980.0,,0.885,0.465,-32.57574,0.8674,229,17,,0.886,0.465
119,House,20537,25,4,WI,100,,,"MOORE, Gwendolynne S. (Gwen)",M001160,1951.0,,-0.523,-0.27,-4.61546,0.97942,222,2,,-0.742,0.208
119,House,21370,25,2,WI,100,,,"POCAN, Mark",P000607,1964.0,,-0.524,-0.555,-2.72031,0.98809,227,0,,-0.52,-0.458
119,House,21559,25,6,WI,200,,,"GROTHMAN, Glenn",G000576,1955.0,,0.598,-0.204,-25.82596,0.89156,225,12,,0.598,-0.186
119,House,21970,25,1,WI,200,,,"STEIL, Bryan",S001213,1981.0,,0.418,0.066,-10.12724,0.95711,231,5,,0.511,0.344
119,House,21989,25,7,WI,200,,,"TIFFANY, Thomas P.",T000165,1957.0,,0.639,-0.255,-21.11424,0.91043,225,6,,0.588,-0.41
119,House,22115,25,5,WI,200,,,"FITZGERALD, Scott",F000471,1963.0,,0.599,0.081,-13.02986,0.94422,227,5,,0.584,0.021
119,House,22370,25,3,WI,200,,,"VAN ORDEN, Derrick",V000135,1969.0,,0.38,-0.025,-16.37173,0.92733,217,7,,0.431,-0.042
119,House,22383,25,8,WI,200,,,"WIED, Tony",W000829,1976.0,,0.484,-0.352,-17.92749,0.92533,231,6,,0.529,-0.319
119,House,22325,68,1,WY,200,,,"HAGEMAN, Harriet",H001096,1962.0,,0.649,-0.381,-15.95747,0.93325,231,6,,0.629,-0.406
119,Senate,42102,41,0,AL,200,,,"TUBERVILLE, Thomas Hawley (Tommy)",T000278,1954.0,,0.936,-0.352,-13.57628,0.97368,509,3,,0.752,0.359
119,Senate,42300,41,0,AL,200,,,"BRITT, Katie Elizabeth",B001319,1982.0,,0.586,0.582,-4.86351,0.99056,513,2,,0.721,0.487
119,Senate,40300,81,0,AK,200,,,"MURKOWSKI, Lisa",M001153,1957.0,,0.204,-0.304,-70.17099,0.87146,510,29,,0.165,-0.184
119,Senate,41500,81,0,AK,200,,,"SULLIVAN, Daniel Scott",S001198,1964.0,,0.476,0.158,-50.60592,0.90518,508,14,,0.292,0.303
119,Senate,21502,61,0,AZ,100,,,"GALLEGO, Ruben",G000574,1979.0,,-0.359,0.142,-69.8286,0.85294,439,32,,-0.286,0.293
119,Senate,41905,61,0,AZ,100,,,"KELLY, Mark Edward",K000377,1964.0,,-0.256,0.295,-53.08769,0.89752,491,27,,-0.299,0.331
119,Senate,20101,42,0,AR,200,,,"BOOZMAN, John",B001236,1950.0,,0.427,0.338,-2.98754,0.99423,516,1,,0.428,0.283
119,Senate,21301,42,0,AR,200,,,"COTTON, Tom",C001095,1977.0,,0.579,0.194,-5.61682,0.98924,519,1,,0.501,0.209
119,Senate,20104,71,0,CA,100,,,"SCHIFF, Adam",S001150,1960.0,,-0.353,-0.113,-62.61655,0.88593,517,37,,-0.431,0.109
119,Senate,42104,71,0,CA,100,,,"PADILLA, Alejandro (Alex)",P000145,1973.0,,-0.426,-0.273,-38.99281,0.92512,501,26,,-0.543,-0.118
119,Senate,40910,62,0,CO,100,,,"BENNET, Michael F.",B001267,1964.0,,-0.237,-0.184,-50.23568,0.90723,516,20,,-0.26,-0.288
119,Senate,42101,62,0,CO,100,,,"HICKENLOOPER, John Wright",H000273,1952.0,,-0.264,-0.041,-60.22219,0.89024,518,22,,-0.272,-0.046
119,Senate,20707,1,0,CT,100,,,"MURPHY, Christopher",M001169,1973.0,,-0.284,-0.248,-73.59028,0.86563,510,35,,-0.506,-0.569
119,Senate,41101,1,0,CT,100,,,"BLUMENTHAL, Richard",B001277,1946.0,,-0.433,-0.162,-31.33019,0.94142,519,14,,-0.41,-0.243
119,Senate,21706,11,0,DE,100,,,"BLUNT ROCHESTER, Lisa",B001303,1962.0,,-0.38,-0.135,-34.88715,0.93571,525,13,,-0.432,-0.327
119,Senate,40916,11,0,DE,100,,,"COONS, Christopher A.",C001088,1963.0,,-0.237,-0.218,-57.17293,0.89296,505,18,,-0.254,-0.215
119,Senate,41102,43,0,FL,200,,,"RUBIO, Marco",R000595,1971.0,,0.616,-0.184,-0.00062,0.99991,7,0,,0.569,0.415
119,Senate,41903,43,0,FL,200,,,"SCOTT, Richard Lynn (Rick)",S001217,1952.0,,0.717,-0.022,-8.51762,0.98394,526,2,,0.831,-0.016
119,Senate,42506,43,0,FL,200,,,"MOODY, Ashley Brooke",M001244,1975.0,,0.74,0.204,-6.99646,0.98661,519,4,,0.74,0.201
119,Senate,42103,44,0,GA,100,,,"OSSOFF, Thomas Jonathan (Jon)",O000174,1987.0,,-0.454,0.46,-35.27615,0.929,479,11,,-0.523,0.713
119,Senate,42105,44,0,GA,100,,,"WARNOCK, Raphael Gamaliel",W000790,1969.0,,-0.418,0.401,-51.82718,0.90426,515,23,,-0.442,0.559
119,Senate,20713,82,0,HI,100,,,"HIRONO, Mazie",H001042,1947.0,,-0.514,-0.095,-24.49746,0.95441,525,7,,-0.547,-0.13
119,Senate,41112,82,0,HI,100,,,"SCHATZ, Brian Emanuel",S001194,1972.0,,-0.447,-0.115,-34.67285,0.93585,523,19,,-0.466,-0.267
119,Senate,29345,63,0,ID,200,,,"CRAPO, Michael Dean",C000880,1951.0,,0.505,0.291,-5.71831,0.98913,523,2,,0.548,0.175
119,Senate,40902,63,0,ID,200,,,"RISCH, James",R000584,1943.0,,0.551,0.384,-6.3953,0.98771,517,4,,0.743,0.328
119,Senate,15021,21,0,IL,100,,,"DURBIN, Richard Joseph",D000563,1944.0,,-0.345,-0.306,-54.69779,0.89905,514,25,,-0.289,-0.37
119,Senate,21325,21,0,IL,100,,,"DUCKWORTH, Tammy",D000622,1968.0,,-0.343,0.062,-51.69033,0.8993,487,33,,-0.397,-0.187
119,Senate,21133,22,0,IN,200,,,"YOUNG, Todd",Y000064,1972.0,,0.438,-0.023,-7.16254,0.98637,522,2,,0.484,0.287
119,Senate,21702,22,0,IN,200,,,"BANKS, James E.",B001299,1979.0,,0.647,0.012,-6.82951,0.98693,519,4,,0.684,-0.061
119,Senate,14226,31,0,IA,200,,,"GRASSLEY, Charles Ernest",G000386,1933.0,,0.362,-0.035,-8.43286,0.98413,527,2,,0.435,0.12
119,Senate,41502,31,0,IA,200,,,"ERNST, Joni",E000295,1970.0,,0.538,-0.034,-6.57393,0.98744,520,2,,0.695,0.308
119,Senate,21734,32,0,KS,200,,,"MARSHALL, Roger Wayne",M001198,1960.0,,0.606,0.142,-5.0166,0.99045,523,4,,0.583,0.212
119,Senate,29722,32,0,KS,200,,,"MORAN, Jerry",M000934,1954.0,,0.414,0.22,-10.84288,0.97872,504,3,,0.399,0.207
119,Senate,14921,51,0,KY,200,,,"McCONNELL, Addison Mitchell (Mitch)",M000355,1942.0,,0.403,0.019,-37.08942,0.92519,477,12,,0.327,-0.073
119,Senate,41104,51,0,KY,200,,,"PAUL, Rand",P000603,1963.0,,0.891,-0.454,-110.31433,0.80412,506,47,,0.551,-0.835
119,Senate,20919,45,0,LA,200,,,"CASSIDY, Bill",C001075,1957.0,,0.464,-0.047,-6.42973,0.98702,492,3,,0.487,0.011
119,Senate,41703,45,0,LA,200,,,"KENNEDY, John Neely",K000393,1951.0,,0.562,-0.157,-13.21227,0.97482,518,7,,0.741,-0.279
119,Senate,41300,2,0,ME,328,,,"KING, Angus Stanley, Jr.",K000383,1944.0,,-0.17,-0.206,-72.98722,0.86834,517,26,,-0.186,-0.277
119,Senate,49703,2,0,ME,200,,,"COLLINS, Susan Margaret",C001035,1952.0,,0.123,-0.508,-74.58776,0.86803,527,45,,0.183,-0.417
119,Senate,20330,52,0,MD,100,,,"VAN HOLLEN, Christopher",V000128,1959.0,,-0.397,-0.225,-30.07037,0.9435,517,13,,-0.458,-0.646
119,Senate,42500,52,0,MD,100,,,"ALSOBROOKS, Angela Deneece",A000382,1971.0,,-0.432,0.007,-48.45571,0.9107,518,24,,-0.432,0.007
119,Senate,14435,3,0,MA,100,,,"MARKEY, Edward John",M000133,1946.0,,-0.517,-0.469,-10.72623,0.97974,524,1,,-0.774,-0.633
119,Senate,41301,3,0,MA,100,,,"WARREN, Elizabeth",W000817,1949.0,,-0.744,-0.363,-8.45477,0.98384,519,3,,-0.706,-0.643
119,Senate,20923,23,0,MI,100,,,"PETERS, Gary C.",P000595,1958.0,,-0.248,-0.184,-65.31155,0.88046,513,29,,-0.258,-0.2
119,Senate,21965,23,0,MI,100,,,"SLOTKIN, Elissa",S001208,1976.0,,-0.347,0.751,-51.95166,0.90242,506,24,,-0.354,0.678
119,Senate,40700,33,0,MN,100,,,"KLOBUCHAR, Amy",K000367,1960.0,,-0.278,-0.33,-55.61728,0.89912,523,35,,-0.255,-0.254
119,Senate,41706,33,0,MN,100,,,"SMITH, Tina",S001203,1958.0,,-0.406,-0.11,-33.69814,0.93482,500,11,,-0.455,-0.347
119,Senate,29534,46,0,MS,200,,,"WICKER, Roger F.",W000437,1951.0,,0.377,0.341,-4.51112,0.99114,507,1,,0.433,0.252
119,Senate,41707,46,0,MS,200,,,"HYDE-SMITH, Cindy",H001079,1959.0,,0.452,0.327,-3.23971,0.99378,519,1,,0.486,0.385
119,Senate,41901,34,0,MO,200,,,"HAWLEY, Joshua David",H001089,1979.0,,0.832,-0.377,-83.18565,0.84785,504,30,,0.494,-0.644
119,Senate,42303,34,0,MO,200,,,"SCHMITT, Eric Stephen",S001227,1975.0,,0.918,0.051,-6.33258,0.98799,524,1,,0.769,0.217
119,Senate,21338,64,0,MT,200,,,"DAINES, Steve",D000618,1962.0,,0.59,-0.027,-10.0966,0.98066,517,3,,0.718,0.696
119,Senate,42503,64,0,MT,200,,,"SHEEHY, Timothy Patrick",S001232,1985.0,,0.671,0.741,-4.84795,0.99065,516,1,,0.671,0.741
119,Senate,41302,35,0,NE,200,,,"FISCHER, Debra (Deb)",F000463,1951.0,,0.461,0.333,-6.68654,0.9873,523,2,,0.422,0.394
119,Senate,42302,35,0,NE,200,,,"RICKETTS, John Peter (Pete)",R000618,1964.0,,0.438,0.519,-2.62568,0.99501,525,0,,0.48,0.416
119,Senate,21743,65,0,NV,100,,,"ROSEN, Jacklyn Sheryl",R000608,1957.0,,-0.285,0.319,-51.68551,0.90521,519,21,,-0.284,0.399
119,Senate,41700,65,0,NV,100,,,"CORTEZ MASTO, Catherine Marie",C001113,1964.0,,-0.356,0.323,-54.87999,0.90002,521,23,,-0.355,0.396
119,Senate,40906,4,0,NH,100,,,"SHAHEEN, Jeanne",S001181,1947.0,,-0.225,-0.142,-85.25475,0.84578,509,34,,-0.165,-0.197
119,Senate,41702,4,0,NH,100,,,"HASSAN, Margaret (Maggie)",H001076,1958.0,,-0.23,0.039,-56.68525,0.89653,519,18,,-0.209,0.08
119,Senate,21937,12,0,NJ,100,,,"KIM, Andy",K000394,1982.0,,-0.399,0.242,-57.90697,0.89557,525,37,,-0.425,0.229
119,Senate,41308,12,0,NJ,100,,,"BOOKER, Cory Anthony",B001288,1969.0,,-0.555,-0.251,-69.67833,0.87206,509,29,,-0.461,-0.082
119,Senate,20930,66,0,NM,100,,,"HEINRICH, Martin",H001046,1971.0,,-0.333,-0.005,-64.2412,0.87898,498,28,,-0.357,0.168
119,Senate,20932,66,0,NM,100,,,"LUJÁN, Ben Ray",L000570,1972.0,,-0.378,0.026,-46.10077,0.91547,522,20,,-0.497,0.29
119,Senate,14858,13,0,NY,100,,,"SCHUMER, Charles Ellis (Chuck)",S000148,1950.0,,-0.354,-0.417,-32.30543,0.94043,526,13,,-0.392,-0.333
119,Senate,20735,13,0,NY,100,,,"GILLIBRAND, Kirsten",G000555,1966.0,,-0.451,-0.32,-82.66946,0.85275,519,43,,-0.362,0.019
119,Senate,21708,47,0,NC,200,,,"BUDD, Theodore Paul",B001305,1971.0,,0.633,-0.078,-11.92852,0.97666,505,4,,0.671,-0.185
119,Senate,41504,47,0,NC,200,,,"TILLIS, Thomas Roland (Thom)",T000476,1960.0,,0.389,-0.109,-21.3373,0.95652,480,7,,0.4,-0.121
119,Senate,21350,36,0,ND,200,,,"CRAMER, Kevin",C001096,1961.0,,0.398,0.37,-3.24078,0.99363,507,1,,0.429,0.283
119,Senate,41107,36,0,ND,200,,,"HOEVEN, John",H001061,1957.0,,0.4,0.451,-3.14906,0.99397,521,0,,0.48,0.416
119,Senate,42304,24,0,OH,200,,,"VANCE, James David",V000137,1984.0,,0.85,-0.527,-0.0,1.0,1,0,,0.0,0.0
119,Senate,42502,24,0,OH,200,,,"MORENO, Bernardo (Bernie)",M001242,1967.0,,0.768,0.161,-4.03618,0.99237,527,2,,0.768,0.158
119,Senate,42505,24,0,OH,200,,,"HUSTED, Jon Allen",H001104,1967.0,,0.714,0.618,-5.23764,0.98998,520,2,,0.714,0.618
119,Senate,21166,53,0,OK,200,,,"LANKFORD, James",L000575,1968.0,,0.591,0.147,-5.43789,0.9897,525,4,,0.548,0.175
119,Senate,21355,53,0,OK,200,,,"MULLIN, Markwayne",M001190,1977.0,,0.533,0.25,-4.42982,0.991,490,1,,0.429,0.283
119,Senate,14871,72,0,OR,100,,,"WYDEN, Ronald Lee",W000779,1949.0,,-0.333,-0.487,-26.66075,0.94916,511,11,,-0.406,-0.443
119,Senate,40908,72,0,OR,100,,,"MERKLEY, Jeff",M001176,1956.0,,-0.452,-0.728,-12.88104,0.97563,522,5,,-0.531,-0.487
119,Senate,42301,14,0,PA,100,,,"FETTERMAN, John Karl",F000479,1969.0,,-0.191,0.056,-83.67736,0.8436,492,34,,-0.176,0.102
119,Senate,42501,14,0,PA,200,,,"MCCORMICK, David Harold",M001243,1965.0,,0.565,0.598,-2.89377,0.99433,509,1,,0.565,0.598
119,Senate,29142,5,0,RI,100,,,"REED, John F. (Jack)",R000122,1949.0,,-0.361,-0.16,-77.78221,0.86082,519,36,,-0.287,-0.148
119,Senate,40704,5,0,RI,100,,,"WHITEHOUSE, Sheldon",W000802,1955.0,,-0.354,-0.108,-48.48267,0.90846,505,15,,-0.338,-0.265
119,Senate,21173,48,0,SC,200,,,"SCOTT, Tim",S001184,1965.0,,0.629,0.021,-8.19238,0.984,508,4,,0.48,0.416
119,Senate,29566,48,0,SC,200,,,"GRAHAM, Lindsey O.",G000359,1955.0,,0.367,-0.273,-16.94574,0.96594,489,2,,0.435,0.254
119,Senate,29754,37,0,SD,200,,,"THUNE, John",T000250,1961.0,,0.432,0.23,-13.51446,0.97463,526,3,,0.4,0.444
119,Senate,41505,37,0,SD,200,,,"ROUNDS, Marion Michael (Mike)",R000605,1954.0,,0.353,0.08,-5.45645,0.98964,524,0,,0.429,0.283
119,Senate,20351,54,0,TN,200,,,"BLACKBURN, Marsha",B001243,1952.0,,0.632,0.14,-4.37693,0.99123,497,1,,0.626,0.149
119,Senate,42100,54,0,TN,200,,,"HAGERTY, William Francis (Bill)",H000601,1959.0,,0.68,-0.091,-4.37929,0.99147,511,0,,0.781,0.056
119,Senate,40305,49,0,TX,200,,,"CORNYN, John",C001056,1952.0,,0.47,-0.063,-7.13259,0.98656,527,2,,0.609,0.281
119,Senate,41304,49,0,TX,200,,,"CRUZ, Rafael Edward (Ted)",C001098,1970.0,,0.779,-0.176,-5.62947,0.98904,511,1,,0.768,0.19
119,Senate,21755,67,0,UT,200,,,"CURTIS, John R.",C001114,1960.0,,0.45,0.116,-25.44438,0.9526,524,9,,0.659,-0.176
119,Senate,41110,67,0,UT,200,,,"LEE, Mike",L000577,1971.0,,0.891,-0.454,-20.697,0.95992,506,8,,1.0,-0.026
119,Senate,20750,6,0,VT,100,,,"WELCH, Peter",W000800,1947.0,,-0.406,-0.391,-47.04337,0.90646,479,19,,-0.348,-0.527
119,Senate,29147,6,0,VT,328,,,"SANDERS, Bernard",S000033,1941.0,,-0.544,-0.424,-14.37294,0.97019,475,4,,-0.656,-0.499
119,Senate,40909,40,0,VA,100,,,"WARNER, Mark",W000805,1954.0,,-0.208,-0.039,-58.32669,0.89213,511,21,,-0.209,0.02
119,Senate,41305,40,0,VA,100,,,"KAINE, Timothy Michael (Tim)",K000384,1958.0,,-0.243,-0.098,-69.7504,0.87492,522,40,,-0.222,-0.208
119,Senate,39310,73,0,WA,100,,,"CANTWELL, Maria E.",C000127,1958.0,,-0.306,-0.401,-39.39526,0.92784,526,12,,-0.339,-0.273
119,Senate,49308,73,0,WA,100,,,"MURRAY, Patty",M001111,1950.0,,-0.355,-0.314,-24.36165,0.95081,483,6,,-0.461,-0.316
119,Senate,20146,56,0,WV,200,,,"CAPITO, Shelley Moore",C001047,1953.0,,0.283,0.143,-12.38002,0.97634,517,1,,0.435,0.254
119,Senate,42504,56,0,WV,200,,,"JUSTICE, James Conley, II",J000312,1951.0,,0.555,0.272,-5.44758,0.98931,507,3,,0.555,0.271
119,Senate,29940,25,0,WI,100,,,"BALDWIN, Tammy",B001230,1962.0,,-0.487,-0.126,-51.72362,0.90601,524,28,,-0.377,-0.116
119,Senate,41111,25,0,WI,200,,,"JOHNSON, Ron",J000293,1955.0,,0.641,-0.141,-6.29396,0.98795,519,1,,0.814,0.065
119,Senate,20953,68,0,WY,200,,,"LUMMIS, Cynthia M.",L000571,1954.0,,0.686,-0.33,-15.81534,0.96929,507,5,,0.966,-0.028
119,Senate,40707,68,0,WY,200,,,"BARRASSO, John A.",B001261,1952.0,,0.54,0.193,-8.25885,0.98436,524,4,,0.614,0.156
